{"initial_reset_timestamp": 1610038895.4820268, "timestamps": [1610038898.497189, 1610038900.9391122, 1610038901.367871, 1610038901.7357137, 1610038902.1005116, 1610038902.4838505, 1610038902.8504143, 1610038903.2087708, 1610038905.5633357, 1610038905.9861445], "episode_lengths": [200, 200, 200, 200, 200, 200, 200, 200, 200, 200], "episode_rewards": [-758.8311389982537, -1490.4610697828236, -891.5997465650748, -1064.3693599189805, -1162.88253514048, -1088.189595007676, -1792.2753872259636, -1259.723919132709, -860.0716319266825, -1787.1973294370005], "episode_types": ["t", "t", "t", "t", "t", "t", "t", "t", "t", "t"]}